Topic,Top Terms
Topic 00,hydrological,time,number,strong,used
Topic 01,mitigation,adaptation,used,increase,¬∞c
Topic 02,authentication,esophageal,les,device,methods
Topic 03,china,customer,satisfaction,existing,patients
Topic 04,support,cloud,client,propose,genome
Topic 05,policy,behaviors,may,child,growth
Topic 06,esophageal,device,les,submucosa,reinforcement
Topic 07,site,iot,lot,messages,physicians
Topic 08,hospitals,effectiveness,satisfaction,2007,diagnosis
Topic 09,rules,dynamic,computing,efficient,logs
Topic 10,access,medical,records,provenance,problem
Topic 11,computing,grid,resources,design,network
Topic 12,doc,saas,streams,migration,stream
Topic 13,files,interoperability,qualitative,transportation,small
Topic 14,accounting,income,capital,draws,⊚Öþ
Topic 15,cloud,risk,provide,agreement,prediction
Topic 16,eat,cloud,testing,effort,test
Topic 17,niche,two,light,versus,within
Topic 18,mobile,trust,skyline,cloud,performance
Topic 19,motivation,transfer,orientation,estimates,training
Topic 20,patients,injury,two,cases,states
Topic 21,health,prison,hospital,prisoners,medication
